{
  "median_price": 165000.0,
  "mean_price": 181312.6927592955,
  "price_10th_percentile": 106500.0,
  "price_90th_percentile": 277450.0,
  "price_std": 77579.4783941699
}